access control,Access control
access management,Access control
identity management,Access control
network access protection,Access control
identity and access management,Access control
access manager,Access control
network access control,Access control
identity access management,Access control
identity manager,Access control
federated identity management,Access control
identity management system,Access control
iam cloud,Access control
identity management software,Access control
identity federation,Access control
identity as a service,Access control
cloud identity management,Access control
application security,Application security
appscan,Application security
software security,Application security
application protection,Application security
web application security,Application security
application security testing,Application security
code security,Application security
mobile app security,Application security
mobile application security,Application security
software vulnerability,Application security
application security testing tools,Application security
application security framework,Application security
application vulnerability assessment,Application security
cyber security,Computer security
computer security,Computer security
cybersecurity,Computer security
it security,Computer security
computer protection,Computer security
what is cyber security,Computer security
computer network security,Computer security
information systems security,Computer security
computer security threats,Computer security
computer security risk,Computer security
cyber breach,Computer security
information technology security,Computer security
computer and network security,Computer security
cyber security programs,Computer security
computer security programs,Computer security
computer security systems,Computer security
it security solutions,Computer security
cyber security threats,Computer security
information system security,Computer security
cyber security consulting,Computer security
cyber security software,Computer security
computer security articles,Computer security